dataset,config,F1,AUC,MCC,Gmean
CM1,A_Baseline,0.06410256410256407,0.7436541822721597,0.049669938291938984,0.12543208434468972
CM1,B_FS,0.02222222222222222,0.6944408378415869,-0.020462687880566398,0.06073622386096198
CM1,C_FS_Sampling,0.24735778841041994,0.707568733527535,0.15706357722974493,0.5034500749442048
CM1,D_Full_Untuned,0.27976410063366586,0.712829518657234,0.19668777849536193,0.5276102343714035
CM1,E_Full_Tuned,0.2317368733777402,0.7047768067693161,0.15183775622957088,0.47363688529930226
JM1,A_Baseline,0.3312079117269694,0.7506358497653449,0.2826184007022028,0.47182575938964877
JM1,B_FS,0.32495851453038405,0.7469762736315652,0.2733510931085125,0.46758850771561083
JM1,C_FS_Sampling,0.4255332756331627,0.7503089556069067,0.3030178936311062,0.5921219810894599
JM1,D_Full_Untuned,0.38680819459302085,0.7415498098484603,0.2859594028622219,0.5420870482702677
JM1,E_Full_Tuned,0.3969635768502927,0.7394798083350871,0.28979418706529597,0.5550934096949764
KC1,A_Baseline,0.39566729700968295,0.8256605880350097,0.34603442814214247,0.537958210893522
KC1,B_FS,0.39254529814352146,0.8045046064312423,0.32495925680992216,0.5462756331953151
KC1,C_FS_Sampling,0.4334290556623498,0.7962820342248631,0.3235475098325206,0.6356341548002835
KC1,D_Full_Untuned,0.4083232404692082,0.776853663520881,0.3054057345358951,0.5958452323177932
KC1,E_Full_Tuned,0.4238413673900518,0.774826035938065,0.32523773137344836,0.6051321520842383
KC2,A_Baseline,0.5239211976907271,0.8101157878266312,0.44447286079262793,0.6482130039601592
KC2,B_FS,0.5245038606092056,0.7806159703750065,0.4366090454086417,0.6494879848878812
KC2,C_FS_Sampling,0.5684458398744112,0.7821624158973556,0.45990475021803345,0.7201068157540417
KC2,D_Full_Untuned,0.568523153942428,0.8004146455953685,0.4683761657591471,0.7095384092513874
KC2,E_Full_Tuned,0.5817840649773423,0.8259453398007615,0.47931209896420846,0.7250441639016978
MC2,A_Baseline,0.4576470588235294,0.7125868055555555,0.31924947282900146,0.5216540714467938
MC2,B_FS,0.4963183874948581,0.7612847222222222,0.3434242343081009,0.5926893496764938
MC2,C_FS_Sampling,0.49041230527298635,0.7539930555555555,0.31616684362874603,0.5545883696790002
MC2,D_Full_Untuned,0.5154183535762483,0.7473958333333334,0.3467861776215833,0.6043292636661375
MC2,E_Full_Tuned,0.5456773618538324,0.7296875,0.3754467366729899,0.6334620316803999
MW1,A_Baseline,0.19,0.7026666666666667,0.13791891054524621,0.29788525708508945
MW1,B_FS,0.20606060606060606,0.7071111111111111,0.20982364817130766,0.29962390670848205
MW1,C_FS_Sampling,0.43434343434343436,0.6995555555555556,0.3773448499655105,0.6305935200294741
MW1,D_Full_Untuned,0.45555555555555555,0.7306666666666667,0.40079315863381637,0.6637305991728073
MW1,E_Full_Tuned,0.45951825951825953,0.736,0.4045762292154646,0.6640229273093553
PC1,A_Baseline,0.3967521367521368,0.8520504823100856,0.4123829946146912,0.5409133047329927
PC1,B_FS,0.37333333333333335,0.8587268909369479,0.3893477630618217,0.5203329141780855
PC1,C_FS_Sampling,0.40680824372759855,0.8639967246689493,0.3663557000818622,0.6301181189527227
PC1,D_Full_Untuned,0.4102568248578435,0.8678532706408392,0.3900541804030869,0.608931339419315
PC1,E_Full_Tuned,0.3807152847152847,0.8502146162625268,0.35006472816911305,0.570366575997688
PC3,A_Baseline,0.21287909758497991,0.8176375079092469,0.2104240272735233,0.3649163577547066
PC3,B_FS,0.19164457519720673,0.8116941607159,0.16053189749524277,0.3546963867104175
PC3,C_FS_Sampling,0.3876855878780695,0.8095875892615023,0.293397146706609,0.6382039142928624
PC3,D_Full_Untuned,0.33280209702624,0.7888493175449697,0.23397567066352218,0.5642557776507593
PC3,E_Full_Tuned,0.32056544308490914,0.785291512248034,0.22480160101116523,0.5456001900555696
PC4,A_Baseline,0.48975128644939964,0.9373456036513721,0.48815199475060317,0.5914877745083605
PC4,B_FS,0.49510783085758253,0.9239960521932371,0.4600340119458667,0.6149887889946167
PC4,C_FS_Sampling,0.6108211834518363,0.9195324571955211,0.5466058316477338,0.7912449460576578
PC4,D_Full_Untuned,0.6091387833171871,0.9228261428990348,0.5451176433589546,0.7717936315266051
PC4,E_Full_Tuned,0.5885339885339885,0.9138388580684673,0.5244739651634687,0.7415510755700004
ant-1.7,A_Baseline,0.5664696116786307,0.8386308182806992,0.4679000994023366,0.6810379399300357
ant-1.7,B_FS,0.5417580636990827,0.8305910413777069,0.43903535950269157,0.6622279939777
ant-1.7,C_FS_Sampling,0.6042481136598783,0.8269478763292151,0.48661109828180205,0.7428932838586881
ant-1.7,D_Full_Untuned,0.5551849320270372,0.815816957831245,0.43304777366833197,0.6951151551545204
ant-1.7,E_Full_Tuned,0.5618545705502227,0.8152294441014787,0.44164267202563695,0.7028648866931113
camel-1.6,A_Baseline,0.2505999751150927,0.7293916830504268,0.20918649750812177,0.40077396757089606
camel-1.6,B_FS,0.22010558442012168,0.6915242662016856,0.15550344669041477,0.36524134993320273
camel-1.6,C_FS_Sampling,0.3776428141309098,0.7179712022326623,0.2280595566516425,0.5648803807585023
camel-1.6,D_Full_Untuned,0.3473908419770972,0.7209925499484073,0.20021103701407855,0.5303631252395441
camel-1.6,E_Full_Tuned,0.3940646076899451,0.725803986695328,0.25684319920209714,0.5716884903383894
synapse-1.2,A_Baseline,0.6489581198332992,0.8366782006920415,0.49776238838857434,0.7217644492705753
synapse-1.2,B_FS,0.6367361954162528,0.8304017685505574,0.4918595359752584,0.7126593698403253
synapse-1.2,C_FS_Sampling,0.6687377981495628,0.8206362937331795,0.5007574285961376,0.7410029541368152
synapse-1.2,D_Full_Untuned,0.6223476523476523,0.7896962706651288,0.43308829183316266,0.7065124704726411
synapse-1.2,E_Full_Tuned,0.6424773755656108,0.7911572472126105,0.4674185418744779,0.7208283645864139
tomcat,A_Baseline,0.19327485380116957,0.821183345582231,0.1949807329080302,0.3467379766627285
tomcat,B_FS,0.28488888888888886,0.7702584517393435,0.2815996610048153,0.43333535583132177
tomcat,C_FS_Sampling,0.3617294345204233,0.7934904424574011,0.2939278357526792,0.6482351996064366
tomcat,D_Full_Untuned,0.3591822094691535,0.8013056304099297,0.29158240266880575,0.6344486493063348
tomcat,E_Full_Tuned,0.3501651489427381,0.7684881798138168,0.2823302514035994,0.616540551067156
xalan-2.4,A_Baseline,0.31242559198745806,0.8176190130008603,0.29017663454759945,0.453161479985999
xalan-2.4,B_FS,0.2579366579366579,0.8012183005585645,0.22996952747002367,0.37144740904567686
xalan-2.4,C_FS_Sampling,0.43016810183933785,0.8046214847394376,0.31968055787460964,0.6418675201509099
xalan-2.4,D_Full_Untuned,0.4108059604147961,0.7849429924999697,0.3047328463426986,0.6114554135509415
xalan-2.4,E_Full_Tuned,0.4228820604682674,0.7854282529412477,0.3176847417649432,0.6267413008110038
