dataset,fold,weight_mode,n_seeds,F1,AUC,PRAUC,MCC,Gmean,Precision,Recall,Specificity
ant-1.7,0,true_shap,1,0.6756756756756757,0.857105538140021,0.7299604505578063,0.5761358686190597,0.8081352297940448,0.6097560975609756,0.7575757575757576,0.8620689655172413
ant-1.7,0,uniform,1,0.6301369863013698,0.848092998955068,0.7147475117428421,0.5157453564023436,0.7712506636670704,0.575,0.696969696969697,0.853448275862069
ant-1.7,0,random,5,0.6258658270518909,0.8497126436781608,0.7079466154600343,0.509417398140658,0.7737699586539435,0.557390280389952,0.7151515151515151,0.8379310344827585
ant-1.7,0,shuffled,5,0.6296787176787177,0.8543364681295715,0.7255469216532056,0.5139773208234988,0.7756227786153426,0.562617463836976,0.7151515151515151,0.8413793103448276
ant-1.7,1,true_shap,1,0.5882352941176471,0.7910135841170325,0.5692753705444505,0.4669715867637741,0.7264232238196224,0.5714285714285714,0.6060606060606061,0.8706896551724138
ant-1.7,1,uniform,1,0.6111111111111112,0.8056426332288401,0.5286135176637923,0.4913111829132774,0.7542980294561157,0.5641025641025641,0.6666666666666666,0.853448275862069
ant-1.7,1,random,5,0.5985200693651398,0.7994252873563218,0.53284055648799,0.4745373753102925,0.7450206801496428,0.5517446448126808,0.6545454545454545,0.8482758620689654
ant-1.7,1,shuffled,5,0.5919814486868988,0.7969435736677116,0.5242025655010139,0.4667669461627916,0.7387215201896409,0.5493323678176052,0.6424242424242423,0.85
ant-1.7,2,true_shap,1,0.5396825396825397,0.8295454545454545,0.5036752994874238,0.4173936651803483,0.6763275964825369,0.5666666666666667,0.5151515151515151,0.8879310344827587
ant-1.7,2,uniform,1,0.53125,0.8423458725182863,0.5486659319554648,0.4035237790844753,0.6730364450951615,0.5483870967741935,0.5151515151515151,0.8793103448275862
ant-1.7,2,random,5,0.5501694273468467,0.8412748171368861,0.5635415886346837,0.4278257473848643,0.6867436775260043,0.5687113206593184,0.5333333333333333,0.8844827586206897
ant-1.7,2,shuffled,5,0.5396410533910534,0.8329937304075236,0.5543782583337538,0.4153380361259944,0.6782042675875013,0.5610578907353101,0.5212121212121212,0.8827586206896552
ant-1.7,3,true_shap,1,0.6176470588235294,0.812957157784744,0.5922008435443944,0.505096938231063,0.7480381865430706,0.6,0.6363636363636364,0.8793103448275862
ant-1.7,3,uniform,1,0.5970149253731343,0.8025078369905957,0.553937840443716,0.480254415405721,0.7300105208156711,0.5882352941176471,0.6060606060606061,0.8793103448275862
ant-1.7,3,random,5,0.5796791443850268,0.8062957157784745,0.5428347641650046,0.4568061095364111,0.7189676950064351,0.5662337662337661,0.593939393939394,0.8706896551724139
ant-1.7,3,shuffled,5,0.5991289040051855,0.807810867293626,0.5639211807738841,0.4827556457873819,0.7326235344366501,0.5876843680055754,0.6121212121212121,0.8775862068965518
ant-1.7,4,true_shap,1,0.6,0.8441176470588235,0.5505918595435279,0.4674574326147652,0.755542182654166,0.5217391304347826,0.7058823529411765,0.808695652173913
ant-1.7,4,uniform,1,0.5783132530120482,0.8341432225063939,0.5527633071944514,0.436362025044198,0.7432561251138007,0.4897959183673469,0.7058823529411765,0.782608695652174
ant-1.7,4,random,5,0.5872014347368033,0.8312020460358056,0.5426394830881482,0.4522834801265945,0.7430849887788559,0.516780665754674,0.6823529411764706,0.8121739130434783
ant-1.7,4,shuffled,5,0.5667293919071273,0.8298721227621483,0.5617784597394694,0.4250852498496,0.7218269198326274,0.5122129162826837,0.6352941176470589,0.8208695652173912
camel-1.6,0,true_shap,1,0.4657534246575342,0.77997227997228,0.4186778440945042,0.3412303104913123,0.6352162257843021,0.4722222222222222,0.4594594594594595,0.8782051282051282
camel-1.6,0,uniform,1,0.4864864864864865,0.7558905058905059,0.4150972445548355,0.3646916146916147,0.6536321038894335,0.4864864864864865,0.4864864864864865,0.8782051282051282
camel-1.6,0,random,5,0.4795059788730674,0.7635308385308385,0.4191948075731811,0.3524443833585007,0.6527157745731842,0.4687701290140314,0.4918918918918919,0.8666666666666668
camel-1.6,0,shuffled,5,0.4574320178086336,0.7525121275121276,0.4121626008480492,0.32890931923725,0.6316032493044289,0.4562856936828091,0.4594594594594595,0.8705128205128204
camel-1.6,1,true_shap,1,0.2921348314606741,0.6543659043659042,0.2512593072110012,0.089925213320844,0.51333567333034,0.25,0.3513513513513513,0.75
camel-1.6,1,uniform,1,0.367816091954023,0.6591302841302842,0.2720224183674147,0.192710093700624,0.5815361881984115,0.32,0.4324324324324324,0.782051282051282
camel-1.6,1,random,5,0.3416317332124522,0.6671517671517673,0.2781453672118104,0.1573236638486125,0.5587158200012681,0.2954179535061888,0.4054054054054054,0.7705128205128206
camel-1.6,1,shuffled,5,0.3341249552575372,0.6642411642411642,0.2697685545037595,0.1462735555783236,0.5523223721641264,0.2874473218261076,0.4,0.764102564102564
camel-1.6,2,true_shap,1,0.4444444444444444,0.7109507640067912,0.3694675308125178,0.2985247328047197,0.6303043165084371,0.4186046511627907,0.4736842105263157,0.8387096774193549
camel-1.6,2,uniform,1,0.4050632911392405,0.7031409168081493,0.3351526936785852,0.2525341182250099,0.5942566085523572,0.3902439024390244,0.4210526315789473,0.8387096774193549
camel-1.6,2,random,5,0.45740560817128,0.7162818336162988,0.3669150838413609,0.3122907124783666,0.6446016142509123,0.4218879791705879,0.5,0.832258064516129
camel-1.6,2,shuffled,5,0.429562894988413,0.717402376910017,0.3658404777362307,0.2798059502799922,0.617869750601279,0.4048139935944814,0.4578947368421053,0.8348387096774195
camel-1.6,3,true_shap,1,0.3174603174603174,0.75169779286927,0.4074996271131172,0.1970351836871768,0.4875356414640809,0.4,0.2631578947368421,0.9032258064516128
camel-1.6,3,uniform,1,0.3692307692307692,0.7669779286926994,0.4210573976158164,0.2510707597695273,0.5340685368352562,0.4444444444444444,0.3157894736842105,0.9032258064516128
camel-1.6,3,random,5,0.3595223730517848,0.7484550084889643,0.4236651821784031,0.228473511138846,0.5329570351598375,0.4098568316215375,0.3210526315789473,0.8864516129032258
camel-1.6,3,shuffled,5,0.3497549019607843,0.7401867572156198,0.4210041505539812,0.2267219831573164,0.5189234986759726,0.4201098901098901,0.3,0.8980645161290323
camel-1.6,4,true_shap,1,0.3684210526315789,0.6928692699490662,0.3588892232239362,0.2135823429541596,0.5580100467053516,0.3684210526315789,0.3684210526315789,0.8451612903225807
camel-1.6,4,uniform,1,0.3243243243243243,0.6857385398981324,0.3464131610208063,0.1643045587259349,0.5166169171148347,0.3333333333333333,0.3157894736842105,0.8451612903225807
camel-1.6,4,random,5,0.3834553049289891,0.7093887945670628,0.3772937129662361,0.2406187464807065,0.5641478849146394,0.4005789264496694,0.3684210526315789,0.864516129032258
camel-1.6,4,shuffled,5,0.3747805621608438,0.7073853989813242,0.3696790797953794,0.2283759945718316,0.5582063951337164,0.388312307062307,0.3631578947368421,0.8593548387096774
CM1,0,true_shap,1,0.2105263157894736,0.7044444444444444,0.2876822467295203,0.1281237022660122,0.4294699575575042,0.2222222222222222,0.2,0.9222222222222224
CM1,0,uniform,1,0.2,0.6738888888888889,0.2543114863500259,0.1111111111111111,0.4268749491621899,0.2,0.2,0.9111111111111112
CM1,0,random,5,0.2306406926406926,0.6627777777777777,0.2610464198798231,0.1370721766371592,0.4787632710897497,0.2092207792207792,0.26,0.8911111111111112
CM1,0,shuffled,5,0.225563909774436,0.6831111111111111,0.2710869321247869,0.1429818040458473,0.4481385469883909,0.2323232323232323,0.2199999999999999,0.9200000000000002
CM1,1,true_shap,1,0.4,0.8233333333333333,0.302416640686479,0.3333333333333333,0.6110100926607787,0.4,0.4,0.9333333333333332
CM1,1,uniform,1,0.2105263157894736,0.8283333333333334,0.2718859875560643,0.1281237022660122,0.4294699575575042,0.2222222222222222,0.2,0.9222222222222224
CM1,1,random,5,0.2400662083015024,0.8094444444444445,0.2727576328995784,0.1655029827425709,0.4534244076073322,0.2497835497835498,0.24,0.9266666666666667
CM1,1,shuffled,5,0.2716934046345811,0.8238888888888889,0.2849173427158752,0.2056314604674264,0.4766780716121944,0.2976190476190476,0.26,0.9377777777777778
CM1,2,true_shap,1,0.2777777777777778,0.7405555555555555,0.1940085661138292,0.1823843010350212,0.6191391873668903,0.1923076923076923,0.5,0.7666666666666667
CM1,2,uniform,1,0.2424242424242424,0.7322222222222222,0.2309393037170973,0.1346537293478313,0.5617433182117573,0.1739130434782608,0.4,0.7888888888888889
CM1,2,random,5,0.2546620046620046,0.7112222222222222,0.1920409653122804,0.1506665035739507,0.5803601498946211,0.1796689068053386,0.44,0.7755555555555557
CM1,2,shuffled,5,0.2716503379661274,0.7184444444444444,0.2049531217995819,0.1734985129079299,0.6078158763963064,0.1896540850453894,0.48,0.7711111111111111
CM1,3,true_shap,1,0.1818181818181818,0.5858024691358024,0.1262302278394232,0.0851180386339726,0.4416579314300398,0.1538461538461538,0.2222222222222222,0.8777777777777778
CM1,3,uniform,1,0.1666666666666666,0.6123456790123456,0.1275187975652372,0.0623609564462323,0.4360314860077462,0.1333333333333333,0.2222222222222222,0.8555555555555555
CM1,3,random,5,0.1077470355731225,0.577283950617284,0.1181030560916377,-0.0001162299511748,0.3360162985629093,0.0907092907092907,0.1333333333333333,0.8666666666666666
CM1,3,shuffled,5,0.1204216073781291,0.5980246913580247,0.1217866566413102,0.0118781437177483,0.3602033366833185,0.0983882783882783,0.1555555555555555,0.86
CM1,4,true_shap,1,0.1666666666666666,0.6837078651685393,0.1909631472131472,0.0563585108803853,0.4159732057058105,0.1428571428571428,0.2,0.8651685393258427
CM1,4,uniform,1,0.2727272727272727,0.6876404494382024,0.2119134730004295,0.1836233953958242,0.5192907868894986,0.25,0.3,0.898876404494382
CM1,4,random,5,0.2429364548494983,0.6823595505617978,0.2379856087010837,0.1435722149451006,0.5078219757621152,0.2044597069597069,0.3,0.8696629213483146
CM1,4,shuffled,5,0.2311908831908831,0.6901123595505618,0.2394951032955254,0.1276217985750897,0.5037639894194414,0.1884243697478991,0.3,0.8561797752808988
KC1,0,true_shap,1,0.460431654676259,0.8248868778280543,0.4498465634002059,0.3556504541740143,0.6590820436573077,0.4324324324324324,0.4923076923076923,0.8823529411764706
KC1,0,uniform,1,0.4755244755244755,0.8229907347554407,0.4523482118312488,0.3718236922737077,0.6772060680531876,0.4358974358974359,0.5230769230769231,0.876750700280112
KC1,0,random,5,0.4587664344881751,0.8237578108166345,0.4527810678225245,0.3515771909077299,0.6637591313342497,0.4206178337540763,0.5046153846153846,0.873389355742297
KC1,0,shuffled,5,0.4506484295845998,0.8216591251885369,0.4537668470595805,0.3423014593599176,0.6558127767564994,0.4155798356651122,0.4923076923076923,0.8739495798319329
KC1,1,true_shap,1,0.391304347826087,0.7803275156216333,0.3607574175639972,0.2734584847597699,0.6015493892807312,0.3698630136986301,0.4153846153846154,0.8711484593837535
KC1,1,uniform,1,0.4324324324324324,0.7742943331178626,0.3910794115414863,0.3173493541134519,0.6495983543529201,0.3855421686746988,0.4923076923076923,0.8571428571428571
KC1,1,random,5,0.4423932976487044,0.787382029734971,0.3899970941256553,0.3304350383731835,0.6553662558005451,0.3980586227863946,0.4984615384615384,0.8627450980392156
KC1,1,shuffled,5,0.4389856436985123,0.7823443223443224,0.384585705480112,0.3262953819202884,0.6519026623827593,0.3961225648824702,0.4923076923076923,0.8633053221288517
KC1,2,true_shap,1,0.4428571428571428,0.8075199310493428,0.4662208404864882,0.3339629417686882,0.6466394990039299,0.4133333333333333,0.4769230769230769,0.876750700280112
KC1,2,uniform,1,0.4492753623188406,0.8148459383753501,0.463025452917901,0.3428821458027075,0.6487021501721796,0.4246575342465753,0.4769230769230769,0.8823529411764706
KC1,2,random,5,0.4484552090794914,0.8097134238310708,0.458045979098629,0.3380478493553044,0.6589912110042604,0.40572397019158,0.5015384615384615,0.866106442577031
KC1,2,shuffled,5,0.4451241533507543,0.8047489765136824,0.4540800339026904,0.3347179783966711,0.6538464182569347,0.4063602488897334,0.4923076923076923,0.8689075630252102
KC1,3,true_shap,1,0.4397163120567376,0.7902834525025538,0.4232746287787658,0.328855442776345,0.6415953048768678,0.4133333333333333,0.4696969696969697,0.8764044943820225
KC1,3,uniform,1,0.4647887323943662,0.8020726932243787,0.4304172306130979,0.3584560309851963,0.6630284621138324,0.4342105263157895,0.5,0.8792134831460674
KC1,3,random,5,0.4595380932293422,0.7958546135512428,0.4077933852109945,0.3527680825556992,0.6573332159707139,0.4320658125820346,0.4909090909090909,0.8803370786516854
KC1,3,shuffled,5,0.4500755892276807,0.7938117126319375,0.4112758404206815,0.3397207992647967,0.6540656322926396,0.4158463671826992,0.4909090909090909,0.8719101123595505
KC1,4,true_shap,1,0.4328358208955223,0.7783923941227313,0.3952723465957125,0.3258102256837858,0.6293045371825811,0.4202898550724637,0.4461538461538462,0.8876404494382022
KC1,4,uniform,1,0.460431654676259,0.7786732929991357,0.4071509981996988,0.3553496604754814,0.6589586084949447,0.4324324324324324,0.4923076923076923,0.8820224719101124
KC1,4,random,5,0.4280702789274218,0.7804148660328436,0.4020300289529754,0.3144306882350552,0.6386192660288128,0.3933135941055597,0.4707692307692308,0.8668539325842698
KC1,4,shuffled,5,0.4295585001425968,0.7741313742437338,0.4089414354094026,0.3184598259734578,0.6337740654461442,0.4043015384039176,0.4584615384615384,0.8764044943820224
KC2,0,true_shap,1,0.5769230769230769,0.7502738225629793,0.4895313698110474,0.4514185988294155,0.7473941587124872,0.5,0.6818181818181818,0.8192771084337349
KC2,0,uniform,1,0.5660377358490566,0.7620481927710844,0.4593176251775405,0.4363192413881979,0.7418782592772016,0.4838709677419355,0.6818181818181818,0.8072289156626506
KC2,0,random,5,0.530698084749139,0.75,0.469650067421944,0.3892514779452143,0.7103198025951644,0.4599777530589543,0.6272727272727272,0.8048192771084338
KC2,0,shuffled,5,0.5270781752468767,0.7512048192771086,0.4803242719174451,0.3848295532631312,0.7062859397677974,0.4595179829440118,0.6181818181818182,0.8072289156626506
KC2,1,true_shap,1,0.6122448979591837,0.8335158817086527,0.573066255853218,0.5002526954339216,0.7637028605064102,0.5555555555555556,0.6818181818181818,0.8554216867469879
KC2,1,uniform,1,0.6530612244897959,0.8362541073384446,0.5578127483248672,0.5537965619176747,0.7942840707857942,0.5925925925925926,0.7272727272727273,0.8674698795180723
KC2,1,random,5,0.5738601823708207,0.8387185104052574,0.5673055045731049,0.4524984867013296,0.7280999162488628,0.5357037037037038,0.6181818181818182,0.8578313253012049
KC2,1,shuffled,5,0.5758588928801694,0.836144578313253,0.5735926327405169,0.4560950616962684,0.7287644455254377,0.5401792281792281,0.6181818181818182,0.8602409638554217
KC2,2,true_shap,1,0.5,0.7719449225473322,0.6187689688482968,0.4071010980436091,0.6305476678616638,0.6,0.4285714285714285,0.927710843373494
KC2,2,uniform,1,0.5142857142857142,0.7756741250717152,0.6201062743923127,0.4332125823954966,0.6346289251471214,0.6428571428571429,0.4285714285714285,0.9397590361445785
KC2,2,random,5,0.5181986181986182,0.7716006884681583,0.6143619218900597,0.4299655418108852,0.6441315083781364,0.6213888888888889,0.4476190476190476,0.9301204819277108
KC2,2,shuffled,5,0.5021519495203706,0.7598393574297189,0.5985083780703665,0.4000106840317712,0.6396574904766139,0.5731045751633987,0.4476190476190476,0.9156626506024096
KC2,3,true_shap,1,0.6530612244897959,0.8580034423407916,0.5676093611542663,0.5586988352502638,0.8073102604136365,0.5714285714285714,0.7619047619047619,0.8554216867469879
KC2,3,uniform,1,0.6274509803921569,0.8537005163511187,0.5687741467024519,0.525648413504224,0.7958584708852839,0.5333333333333333,0.7619047619047619,0.8313253012048193
KC2,3,random,5,0.6128048142333856,0.8538726333907057,0.555887763604227,0.5057786442000177,0.7787900829635712,0.531806357445957,0.7238095238095238,0.83855421686747
KC2,3,shuffled,5,0.6291024409763906,0.8479632816982214,0.5461612642872167,0.5272527677173054,0.7914069993450843,0.5458565955117679,0.7428571428571429,0.8433734939759037
KC2,4,true_shap,1,0.5,0.6970740103270223,0.4119383736127802,0.3820525235329571,0.6515791312760104,0.5263157894736842,0.4761904761904761,0.891566265060241
KC2,4,uniform,1,0.5,0.7142857142857144,0.4293656103618792,0.3820525235329571,0.6515791312760104,0.5263157894736842,0.4761904761904761,0.891566265060241
KC2,4,random,5,0.4721942493127972,0.6951233505450374,0.4230234098878743,0.3503615341244007,0.6289591837351809,0.5042105263157894,0.4476190476190476,0.8867469879518073
KC2,4,shuffled,5,0.4392047394486419,0.6842799770510614,0.4167532900357013,0.3114776369965537,0.6011996127444511,0.4750146198830409,0.4095238095238095,0.8843373493975903
MC2,0,true_shap,1,0.5882352941176471,0.6875,0.6832357428097096,0.378726042189707,0.6718548123582124,0.625,0.5555555555555556,0.8125
MC2,0,uniform,1,0.625,0.78125,0.7688134477608162,0.4602832499602864,0.6972166887783964,0.7142857142857143,0.5555555555555556,0.875
MC2,0,random,5,0.5605555555555556,0.7055555555555555,0.7194479957806112,0.3578886966568059,0.6470860532877698,0.6317460317460317,0.5111111111111111,0.825
MC2,0,shuffled,5,0.5919607843137256,0.6930555555555555,0.7033817683357774,0.4074086290812605,0.6723505133471083,0.6690476190476191,0.5333333333333334,0.85
MC2,1,true_shap,1,0.5555555555555556,0.7951388888888888,0.7846560846560848,0.3055555555555556,0.6454972243679028,0.5555555555555556,0.5555555555555556,0.75
MC2,1,uniform,1,0.5555555555555556,0.7604166666666666,0.7417107583774252,0.3055555555555556,0.6454972243679028,0.5555555555555556,0.5555555555555556,0.75
MC2,1,random,5,0.5686274509803921,0.8277777777777778,0.7756448798115465,0.3348237502092161,0.6560402595640266,0.5833333333333334,0.5555555555555556,0.775
MC2,1,shuffled,5,0.5709803921568628,0.80625,0.7607392201690448,0.3275734937134321,0.6570699371696501,0.5674242424242424,0.5777777777777778,0.75
MC2,2,true_shap,1,0.5714285714285714,0.8472222222222222,0.803003423591659,0.4583333333333333,0.6454972243679028,0.8,0.4444444444444444,0.9375
MC2,2,uniform,1,0.5333333333333333,0.8368055555555556,0.7590608465608466,0.3590245611063161,0.6236095644623235,0.6666666666666666,0.4444444444444444,0.875
MC2,2,random,5,0.544029304029304,0.8118055555555556,0.7580419562282308,0.4768008392473916,0.6180947987752289,0.8933333333333333,0.3999999999999999,0.9625
MC2,2,shuffled,5,0.6071105365223012,0.8173611111111111,0.7737732030611288,0.50285695513516,0.6733841911192696,0.8299999999999998,0.4888888888888889,0.9375
MC2,3,true_shap,1,0.0,0.6041666666666666,0.4397935277988672,-0.1530931089239486,0.0,0.0,0.0,0.9375
MC2,3,uniform,1,0.1818181818181818,0.6145833333333333,0.4931068729981773,0.0860078077570233,0.3227486121839514,0.5,0.1111111111111111,0.9375
MC2,3,random,5,0.1727272727272727,0.6548611111111111,0.5094477404393499,0.046866523160786,0.2827474942373406,0.3999999999999999,0.1111111111111111,0.925
MC2,3,shuffled,5,0.103030303030303,0.6319444444444444,0.4830572969703405,-0.0658557464784763,0.189271635329255,0.2333333333333333,0.0666666666666666,0.9
MC2,4,true_shap,1,0.7368421052631579,0.8359375,0.6822916666666665,0.5913123959890826,0.8100925873009825,0.6363636363636364,0.875,0.75
MC2,4,uniform,1,0.7777777777777778,0.80859375,0.5828869047619047,0.6573757351339165,0.8431710977020026,0.7,0.875,0.8125
MC2,4,random,5,0.6601307189542484,0.8078125,0.6899202674260725,0.4700870309622891,0.7433510059411889,0.6066666666666667,0.725,0.7625
MC2,4,shuffled,5,0.6791812865497076,0.81875,0.7105041486291486,0.4979706947870863,0.7602590615165477,0.5912121212121212,0.8,0.725
MW1,0,true_shap,1,0.5,0.7622222222222222,0.4637606837606838,0.4418993202399135,0.7393691004272944,0.4285714285714285,0.6,0.9111111111111112
MW1,0,uniform,1,0.5454545454545454,0.7711111111111112,0.4688888888888889,0.4923659639173309,0.7483314773547882,0.5,0.6,0.9333333333333332
MW1,0,random,5,0.4054545454545454,0.7804444444444444,0.3290947475463605,0.3365985889620265,0.6337547941667682,0.379047619047619,0.4399999999999999,0.92
MW1,0,shuffled,5,0.4218181818181818,0.7813333333333333,0.3655183382296008,0.3559158885738214,0.6370108195759238,0.4066666666666667,0.4399999999999999,0.928888888888889
MW1,1,true_shap,1,0.5454545454545454,0.7377777777777778,0.5177777777777778,0.4923659639173309,0.7483314773547882,0.5,0.6,0.9333333333333332
MW1,1,uniform,1,0.5,0.6822222222222222,0.5255555555555556,0.4418993202399135,0.7393691004272944,0.4285714285714285,0.6,0.9111111111111112
MW1,1,random,5,0.5361616161616161,0.7097777777777777,0.5182985415095834,0.4851663994107881,0.7240846889074894,0.52,0.56,0.9422222222222224
MW1,1,shuffled,5,0.5563636363636364,0.6946666666666665,0.5182533304095169,0.5050038822449758,0.7501027377718378,0.52,0.6,0.9377777777777778
MW1,2,true_shap,1,0.5,0.6288888888888889,0.5381818181818181,0.477219421937694,0.6253887679764573,0.6666666666666666,0.4,0.9777777777777776
MW1,2,uniform,1,0.4444444444444444,0.6466666666666666,0.5405128205128205,0.3931785497463923,0.6182412330330469,0.5,0.4,0.9555555555555556
MW1,2,random,5,0.4777777777777777,0.6715555555555556,0.5564547626995607,0.4436030730611733,0.622529753999093,0.5999999999999999,0.4,0.9688888888888888
MW1,2,shuffled,5,0.4831746031746031,0.6808888888888888,0.5320382045639287,0.4586646325301816,0.6224968787360832,0.6466666666666667,0.4,0.9688888888888888
MW1,3,true_shap,1,0.1818181818181818,0.6755555555555556,0.2037851037851037,0.0820609939862218,0.4216370213557839,0.1666666666666666,0.2,0.8888888888888888
MW1,3,uniform,1,0.2857142857142857,0.7222222222222222,0.2536568694463431,0.1908790423082963,0.5811865258054232,0.2222222222222222,0.4,0.8444444444444444
MW1,3,random,5,0.1619047619047618,0.6875555555555556,0.2401879009888408,0.0495817614583078,0.4141700603185574,0.1365079365079365,0.2,0.8577777777777778
MW1,3,shuffled,5,0.1675990675990676,0.6964444444444444,0.2444318844183178,0.0589000652976395,0.4163058219334649,0.1452380952380952,0.2,0.8666666666666666
MW1,4,true_shap,1,0.4444444444444444,0.6933333333333334,0.3071635610766045,0.3931785497463923,0.6182412330330469,0.5,0.4,0.9555555555555556
MW1,4,uniform,1,0.4,0.7222222222222224,0.395438596491228,0.3333333333333333,0.6110100926607787,0.4,0.4,0.9333333333333332
MW1,4,random,5,0.4646464646464647,0.7195555555555556,0.3838113763347193,0.4130160325805801,0.636561001903962,0.5,0.44,0.9511111111111112
MW1,4,shuffled,5,0.3522222222222222,0.7217777777777779,0.3544344585700495,0.2927269007793072,0.5433409013815059,0.3966666666666666,0.32,0.9466666666666668
PC1,0,true_shap,1,0.4,0.7888888888888889,0.3721731012907483,0.3540593369228889,0.6613313074614444,0.35,0.4666666666666667,0.9371980676328504
PC1,0,uniform,1,0.3783783783783784,0.7908212560386474,0.3557278185572335,0.3311496324192183,0.6579135517268919,0.3181818181818182,0.4666666666666667,0.927536231884058
PC1,0,random,5,0.395621694569063,0.794621578099839,0.417426885014771,0.3508279278359937,0.6760574394680054,0.3307378129117259,0.4933333333333333,0.927536231884058
PC1,0,shuffled,5,0.3746082114503167,0.7911755233494364,0.4100359400300755,0.3272168482276534,0.6572255386895515,0.3131422924901185,0.4666666666666667,0.9256038647342996
PC1,1,true_shap,1,0.3870967741935484,0.852818035426731,0.4135364937823803,0.3413486853695465,0.6169897312779327,0.375,0.4,0.9516908212560388
PC1,1,uniform,1,0.3448275862068966,0.8708534621578099,0.4278093200490335,0.2993064127524893,0.5646597025732799,0.3571428571428571,0.3333333333333333,0.9565217391304348
PC1,1,random,5,0.3908148148148148,0.8594524959742351,0.4437506680470061,0.3569673731576944,0.578978111133515,0.4533333333333333,0.3466666666666666,0.9681159420289857
PC1,1,shuffled,5,0.3718857451616072,0.8703703703703702,0.4534677295545012,0.3326426562579686,0.5770857045933611,0.4071683218742042,0.3466666666666666,0.9623188405797102
PC1,2,true_shap,1,0.4444444444444444,0.904126213592233,0.5096528656865689,0.3990038543014097,0.6862024383574915,0.4,0.5,0.941747572815534
PC1,2,uniform,1,0.4571428571428571,0.8941140776699029,0.5209030888821149,0.412847243322529,0.6879687281219884,0.4210526315789473,0.5,0.9466019417475728
PC1,2,random,5,0.4517222646634411,0.904763349514563,0.5249020742478369,0.4070688933391581,0.6794765705322274,0.4214275885792913,0.4875,0.9475728155339804
PC1,2,shuffled,5,0.4575789234612763,0.904247572815534,0.527740557542028,0.4134394202157039,0.6879660072154219,0.4223893065998328,0.5,0.9466019417475728
PC1,3,true_shap,1,0.24,0.841626213592233,0.3113377849333428,0.2076662138931735,0.4266600929914307,0.3333333333333333,0.1875,0.970873786407767
PC1,3,uniform,1,0.2608695652173913,0.8495145631067961,0.3294764502237712,0.2487413077285307,0.4287880867059752,0.4285714285714285,0.1875,0.9805825242718448
PC1,3,random,5,0.243951690821256,0.8485740291262136,0.3178838391834765,0.2162792391623071,0.4246592408933664,0.3541486291486291,0.1875,0.9728155339805824
PC1,3,shuffled,5,0.1869565217391304,0.8580703883495145,0.3207247134570188,0.1593778306732741,0.3646247891249756,0.2928571428571428,0.1375,0.9737864077669902
PC1,4,true_shap,1,0.5625,0.9325242718446602,0.5794426935526007,0.5297004099222924,0.7594070246753144,0.5294117647058824,0.6,0.9611650485436892
PC1,4,uniform,1,0.4705882352941176,0.9187702265372168,0.5598422560487535,0.4306351009111842,0.7105310471274559,0.4210526315789473,0.5333333333333333,0.9466019417475728
PC1,4,random,5,0.4952888517654322,0.9198705501618124,0.5586985208392661,0.4582130689426313,0.7279542987126313,0.4466819221967963,0.56,0.9485436893203882
PC1,4,shuffled,5,0.4930685001273236,0.9231067961165048,0.5508717255537454,0.4552144002638026,0.720152184400375,0.4514035087719298,0.5466666666666666,0.950485436893204
PC3,0,true_shap,1,0.3548387096774194,0.8017671517671517,0.3047050951388222,0.2515978702244681,0.6049002941843936,0.3055555555555556,0.4230769230769231,0.8648648648648649
PC3,0,uniform,1,0.3728813559322034,0.8146569646569647,0.3028178275361845,0.2752357333283168,0.6105448982385102,0.3333333333333333,0.4230769230769231,0.8810810810810811
PC3,0,random,5,0.3472274109689731,0.8069646569646569,0.2953921159806997,0.2444530224350321,0.5966734624055369,0.3003581273358149,0.4153846153846154,0.8648648648648649
PC3,0,shuffled,5,0.3444354838709677,0.807006237006237,0.3062025195998455,0.2395374515959427,0.5927902610404352,0.2983832129342965,0.4076923076923077,0.8648648648648649
PC3,1,true_shap,1,0.36,0.854989604989605,0.3663103346956778,0.2744171328557362,0.5639923032163808,0.375,0.3461538461538461,0.918918918918919
PC3,1,uniform,1,0.392156862745098,0.8557172557172558,0.3728493962940524,0.3087122344357937,0.5945000869893573,0.4,0.3846153846153846,0.918918918918919
PC3,1,random,5,0.3950457385751503,0.8525363825363825,0.3464905207047975,0.307138284022825,0.608002491364665,0.3841096374889478,0.4076923076923077,0.9070270270270272
PC3,1,shuffled,5,0.4041986907970735,0.8639708939708939,0.3920149295561955,0.3239954008806384,0.6011427091898998,0.417512077294686,0.3923076923076923,0.9232432432432433
PC3,2,true_shap,1,0.4225352112676056,0.791891891891892,0.3063394589069789,0.3328204940375652,0.6952467068372085,0.3333333333333333,0.5769230769230769,0.8378378378378378
PC3,2,uniform,1,0.3823529411764705,0.7895010395010394,0.3058530637435785,0.2825573036370319,0.6493239727760108,0.3095238095238095,0.5,0.8432432432432433
PC3,2,random,5,0.3902585444441382,0.7906652806652806,0.3287275246436847,0.2924378894853319,0.6641434409821343,0.3089858454081369,0.5307692307692308,0.8324324324324325
PC3,2,shuffled,5,0.4195525666459179,0.7998128898128898,0.3485606695176941,0.3298319067337535,0.6902947230374952,0.3331922611621041,0.5692307692307692,0.8400000000000001
PC3,3,true_shap,1,0.4242424242424242,0.8038252508361204,0.3203651078623211,0.3331221870441566,0.6799813099930022,0.35,0.5384615384615384,0.8586956521739131
PC3,3,uniform,1,0.3582089552238806,0.8100961538461539,0.3226347713921275,0.2525419562925607,0.6235350724875656,0.2926829268292683,0.4615384615384615,0.842391304347826
PC3,3,random,5,0.3667101599651128,0.819314381270903,0.3337905345130441,0.2628958885919005,0.632450874917529,0.2979497879696405,0.4769230769230769,0.8413043478260869
PC3,3,shuffled,5,0.3600399047741085,0.8057274247491637,0.3317858925775792,0.2552895740611861,0.6200711046841242,0.2986890616158909,0.4538461538461538,0.8489130434782609
PC3,4,true_shap,1,0.3768115942028985,0.7954640468227425,0.3471154878833795,0.2750280493711189,0.6468989572333266,0.3023255813953488,0.5,0.8369565217391305
PC3,4,uniform,1,0.4,0.805915551839465,0.408332516104843,0.3038024971663591,0.6552463857870233,0.3333333333333333,0.5,0.8586956521739131
PC3,4,random,5,0.396959558541376,0.8108486622073577,0.3860173367013932,0.299896270456548,0.6667439105300562,0.3172581901426016,0.5307692307692307,0.8380434782608696
PC3,4,shuffled,5,0.4236189452950129,0.8115384615384615,0.4052204370223268,0.3335184224430341,0.6914241916796701,0.337650323774283,0.5692307692307692,0.8423913043478262
PC4,0,true_shap,1,0.6835443037974683,0.9201565557729942,0.6632706718247945,0.6319115127130095,0.8435318537306798,0.6136363636363636,0.7714285714285715,0.9223744292237442
PC4,0,uniform,1,0.7105263157894737,0.9287018917155904,0.7089482909420664,0.6628294478049431,0.8497726183723625,0.6585365853658537,0.7714285714285715,0.9360730593607306
PC4,0,random,5,0.6558785894762823,0.9260013046314416,0.6923600646729319,0.5987703054265938,0.8032855101243254,0.6241505848694552,0.6914285714285715,0.9333333333333332
PC4,0,shuffled,5,0.6786546786546787,0.9274494455316372,0.6956740211372614,0.6254213698680277,0.828030911767326,0.6290420819490588,0.7371428571428572,0.930593607305936
PC4,1,true_shap,1,0.5454545454545454,0.9012393998695368,0.5557137093829787,0.469327745459664,0.7713053463951166,0.4528301886792453,0.6857142857142857,0.867579908675799
PC4,1,uniform,1,0.5333333333333333,0.9105675146771036,0.6188117832782936,0.4553823849759453,0.7672351050740089,0.4363636363636363,0.6857142857142857,0.8584474885844748
PC4,1,random,5,0.5460146313634686,0.9025179386823224,0.5893036002116856,0.4695431154588883,0.7669157059750975,0.4591290238222218,0.6742857142857143,0.8730593607305936
PC4,1,shuffled,5,0.5431835181742988,0.9050750163078932,0.5778895717318968,0.4657380673604556,0.763832619080475,0.4577929470449686,0.6685714285714285,0.8730593607305936
PC4,2,true_shap,1,0.5454545454545454,0.9042400521852576,0.5175694852476296,0.467722715548941,0.7365227446757211,0.5,0.6,0.9041095890410958
PC4,2,uniform,1,0.4935064935064935,0.9118069145466404,0.5701893815187521,0.4062312198194218,0.6970256443334402,0.4523809523809524,0.5428571428571428,0.8949771689497716
PC4,2,random,5,0.5084738259255339,0.9063535551206784,0.538238943671952,0.4247752005770439,0.7058356618715458,0.470187969924812,0.5542857142857143,0.9004566210045661
PC4,2,shuffled,5,0.5383080256497978,0.9081539465101108,0.5456970063795021,0.4595587181968456,0.7317175143589452,0.4924444056605145,0.5942857142857142,0.902283105022831
PC4,3,true_shap,1,0.7317073170731707,0.9435094585779517,0.6526925151195,0.6919070063092568,0.8891606455643166,0.6382978723404256,0.8571428571428571,0.9223744292237442
PC4,3,uniform,1,0.6506024096385542,0.9333333333333332,0.6440905650143695,0.5947736742622886,0.8351382931520057,0.5625,0.7714285714285715,0.9041095890410958
PC4,3,random,5,0.657404856440591,0.9360469667318982,0.6370879460708982,0.6033105373357909,0.8412740979398272,0.5669123893775827,0.7828571428571429,0.904109589041096
PC4,3,shuffled,5,0.6714509976779428,0.9355512067840834,0.6430872319330456,0.6206125916320078,0.851589056413458,0.5790987452264048,0.8000000000000002,0.9068493150684932
PC4,4,true_shap,1,0.547945205479452,0.9285168195718654,0.600487216440472,0.4721601782077975,0.7157041399224547,0.5405405405405406,0.5555555555555556,0.9220183486238532
PC4,4,uniform,1,0.5789473684210527,0.9284531090723752,0.6353699970467691,0.5060837215153338,0.7487672505624033,0.55,0.6111111111111112,0.9174311926605504
PC4,4,random,5,0.590061458718993,0.9275101936799184,0.6056271830702324,0.5212880507014568,0.7462381802480464,0.580727285990444,0.6,0.9284403669724772
PC4,4,shuffled,5,0.5659153399975317,0.9285295616717636,0.6148613555695647,0.4949041314687524,0.724595415693759,0.5666397538882059,0.5666666666666668,0.9284403669724772
synapse-1.2,0,true_shap,1,0.6222222222222222,0.7753267973856208,0.6473043428306586,0.3765197559275315,0.6931032800836721,0.5185185185185185,0.7777777777777778,0.6176470588235294
synapse-1.2,0,uniform,1,0.6829268292682927,0.8227124183006537,0.6789592473803001,0.4914632180517166,0.7562376774775251,0.6086956521739131,0.7777777777777778,0.7352941176470589
synapse-1.2,0,random,5,0.6601620859760395,0.8200980392156861,0.7028189101623148,0.4504523867254508,0.7342438759731211,0.5742331002331003,0.7777777777777778,0.6941176470588235
synapse-1.2,0,shuffled,5,0.6789288231148696,0.8222222222222223,0.6844940319881094,0.4805133516039818,0.7487739462859978,0.5785470085470085,0.8222222222222223,0.6823529411764706
synapse-1.2,1,true_shap,1,0.7428571428571429,0.8287197231833909,0.7104193412361551,0.6092717958449425,0.8076194245732929,0.7222222222222222,0.7647058823529411,0.8529411764705882
synapse-1.2,1,uniform,1,0.7222222222222222,0.8529411764705882,0.7802173748973057,0.5735393346764044,0.7935727978371788,0.6842105263157895,0.7647058823529411,0.8235294117647058
synapse-1.2,1,random,5,0.7383193277310924,0.8434256055363323,0.733855306093388,0.6020953381311838,0.8045707153620226,0.7142758857929137,0.7647058823529411,0.8470588235294116
synapse-1.2,1,shuffled,5,0.7239402427637722,0.830795847750865,0.6919800254249863,0.5819459970379638,0.7921365872384687,0.7080839353285174,0.7411764705882353,0.8470588235294118
synapse-1.2,2,true_shap,1,0.6666666666666666,0.8399653979238755,0.7327265871383519,0.5408420485294111,0.7323470351758078,0.7692307692307693,0.5882352941176471,0.9117647058823528
synapse-1.2,2,uniform,1,0.6,0.8391003460207612,0.7152750598275093,0.4453993340830444,0.6834676493307206,0.6923076923076923,0.5294117647058824,0.8823529411764706
synapse-1.2,2,random,5,0.5920864452566343,0.832006920415225,0.7036505459262214,0.4512156484250006,0.6739290485453766,0.7170995670995671,0.5058823529411764,0.9
synapse-1.2,2,shuffled,5,0.6062121212121212,0.8224913494809687,0.6776703916208345,0.4421926960207619,0.690948285421862,0.6737179487179487,0.5529411764705883,0.8647058823529411
synapse-1.2,3,true_shap,1,0.6060606060606061,0.8070934256055363,0.6744234609194099,0.4183300132670377,0.6960093862470137,0.625,0.5882352941176471,0.8235294117647058
synapse-1.2,3,uniform,1,0.5806451612903226,0.8088235294117647,0.7182784016917201,0.40389034790078,0.6719799799291684,0.6428571428571429,0.5294117647058824,0.8529411764705882
synapse-1.2,3,random,5,0.6206744868035191,0.8020761245674739,0.728620539078761,0.455186667774501,0.7033989174184521,0.674084249084249,0.5764705882352941,0.8588235294117647
synapse-1.2,3,shuffled,5,0.6232258064516129,0.7944636678200692,0.7213492575579564,0.4681154240773409,0.7033524216372445,0.6956043956043956,0.5647058823529412,0.876470588235294
synapse-1.2,4,true_shap,1,0.7058823529411765,0.852076124567474,0.8028345293051176,0.5588235294117647,0.7759356446042893,0.7058823529411765,0.7058823529411765,0.8529411764705882
synapse-1.2,4,uniform,1,0.7027027027027027,0.8780276816608996,0.8344036682271976,0.5395637425347115,0.7792730176171629,0.65,0.7647058823529411,0.7941176470588235
synapse-1.2,4,random,5,0.7190210821170574,0.880622837370242,0.8289543401342927,0.571296706777311,0.7897131239998852,0.6897144822841417,0.7529411764705882,0.8294117647058824
synapse-1.2,4,shuffled,5,0.7160971055088703,0.8875432525951558,0.8398212923818461,0.5676829780505995,0.7866167497160937,0.6932232542139664,0.7411764705882353,0.8352941176470589
tomcat,0,true_shap,1,0.3555555555555555,0.7753715498938428,0.3686774539210279,0.2923551384325127,0.6771991775797204,0.2666666666666666,0.5333333333333333,0.8598726114649682
tomcat,0,uniform,1,0.3888888888888889,0.7925690021231422,0.4027341898012983,0.325318067833649,0.6519609486436003,0.3333333333333333,0.4666666666666667,0.910828025477707
tomcat,0,random,5,0.3420525221164084,0.7876857749469214,0.3577135592863668,0.2728866531105722,0.6404498997389961,0.2704137247615508,0.4666666666666667,0.8789808917197452
tomcat,0,shuffled,5,0.3401787101787102,0.7838216560509554,0.3574868715946125,0.2716222216174698,0.646397344030776,0.2642183908045977,0.48,0.8713375796178344
tomcat,1,true_shap,1,0.3829787234042553,0.8078926282051282,0.4412432258628579,0.3184953133360476,0.6951065219972238,0.2903225806451613,0.5625,0.8589743589743589
tomcat,1,uniform,1,0.392156862745098,0.7870592948717949,0.3577637291915089,0.335306052624314,0.7244582414395903,0.2857142857142857,0.625,0.8397435897435898
tomcat,1,random,5,0.4139173060528559,0.7959535256410256,0.3889272126769889,0.3597749046434151,0.7365720615021731,0.306845238095238,0.6375,0.8512820512820513
tomcat,1,shuffled,5,0.3852978723404255,0.7961538461538462,0.4251745203067435,0.3221505543105536,0.7010875936797526,0.2898363377609108,0.575,0.8551282051282051
tomcat,2,true_shap,1,0.4444444444444444,0.8525641025641025,0.402802180901026,0.3833582694465275,0.6793662204867574,0.4,0.5,0.9230769230769232
tomcat,2,uniform,1,0.4324324324324324,0.8379407051282051,0.4865059733053685,0.3696689107059461,0.67700320038633,0.3809523809523809,0.5,0.9166666666666666
tomcat,2,random,5,0.409749581854845,0.8357772435897436,0.3764244490476506,0.3439057070490876,0.6713763309285552,0.3478785707046577,0.5,0.9025641025641026
tomcat,2,shuffled,5,0.3860737817394164,0.8479567307692306,0.4111472129199921,0.3174955853601809,0.6460881941615984,0.3333873855612986,0.4625,0.903846153846154
tomcat,3,true_shap,1,0.3529411764705882,0.789957264957265,0.3811281807082848,0.2850438562747844,0.6055300708194984,0.3157894736842105,0.4,0.9166666666666666
tomcat,3,uniform,1,0.4,0.7961538461538462,0.3874596699139782,0.3374279417802262,0.6540472290116194,0.35,0.4666666666666667,0.9166666666666666
tomcat,3,random,5,0.4194917440660474,0.78008547008547,0.3546091276200882,0.360282453183559,0.6712773571282102,0.3666288483356729,0.4933333333333333,0.917948717948718
tomcat,3,shuffled,5,0.3446613190730838,0.7964957264957265,0.3688976896012239,0.2764203756462716,0.5935077392601178,0.3113484692122463,0.3866666666666667,0.917948717948718
tomcat,4,true_shap,1,0.2727272727272727,0.7416666666666667,0.2676433227252162,0.1903866012735241,0.5839740071489835,0.2068965517241379,0.4,0.8525641025641025
tomcat,4,uniform,1,0.2553191489361702,0.7542735042735043,0.3075828644800611,0.1692397303558926,0.5773502691896258,0.1875,0.4,0.8333333333333334
tomcat,4,random,5,0.2480743441379018,0.7352991452991453,0.2550155361191693,0.1602410318850539,0.567231878138432,0.1828763440860215,0.3866666666666666,0.8333333333333333
tomcat,4,shuffled,5,0.2926812194897301,0.737905982905983,0.2662055597299234,0.2158094903664464,0.6169467365999864,0.2163057809330628,0.4533333333333333,0.8423076923076923
xalan-2.4,0,true_shap,1,0.45,0.7930524759793052,0.3720321576507138,0.365478533874969,0.6157576048559333,0.5,0.4090909090909091,0.926829268292683
xalan-2.4,0,uniform,1,0.45,0.8013673318551368,0.373815847540108,0.365478533874969,0.6157576048559333,0.5,0.4090909090909091,0.926829268292683
xalan-2.4,0,random,5,0.4058818782196995,0.7903178122690317,0.3641208136790494,0.3104771098920412,0.5873525616612972,0.4367787114845938,0.3818181818181819,0.9121951219512194
xalan-2.4,0,shuffled,5,0.355708044927975,0.7890983000739098,0.353452322772759,0.2504149512808898,0.5487451568096724,0.3790914786967418,0.3363636363636364,0.9024390243902438
xalan-2.4,1,true_shap,1,0.5106382978723404,0.8342572062084257,0.5249180486979773,0.4176595708498058,0.6984302957695782,0.48,0.5454545454545454,0.8943089430894309
xalan-2.4,1,uniform,1,0.5,0.827420546932742,0.4617958508364502,0.4036628591203683,0.695248364434133,0.4615384615384615,0.5454545454545454,0.8861788617886179
xalan-2.4,1,random,5,0.5479244889445141,0.8345158906134517,0.4892691055873696,0.4608121094154673,0.7359049228577738,0.4992183908045977,0.6090909090909091,0.8894308943089431
xalan-2.4,1,shuffled,5,0.5506403774856757,0.830931263858093,0.4923430462663039,0.4662724861443809,0.7251924807796964,0.5244505494505495,0.5818181818181818,0.9040650406504064
xalan-2.4,2,true_shap,1,0.4137931034482758,0.849039172209904,0.4410247215277096,0.2909242623707872,0.6625891564490792,0.3333333333333333,0.5454545454545454,0.8048780487804879
xalan-2.4,2,uniform,1,0.4482758620689655,0.8440502586844051,0.4882854941607634,0.3354221716996523,0.6931189616855402,0.3611111111111111,0.5909090909090909,0.8130081300813008
xalan-2.4,2,random,5,0.4386051495579819,0.8442719881744273,0.4497441831584233,0.3232714812208822,0.6911405647751139,0.3458258258258259,0.6,0.7967479674796747
xalan-2.4,2,shuffled,5,0.442974786103189,0.8497043606799703,0.4342165277225325,0.3298608074674135,0.6955580304298904,0.3487095788251116,0.609090909090909,0.7967479674796748
xalan-2.4,3,true_shap,1,0.425531914893617,0.8019746646795827,0.4629497298861098,0.3149599014292485,0.6313942653610732,0.4,0.4545454545454545,0.8770491803278688
xalan-2.4,3,uniform,1,0.4680851063829787,0.7889344262295082,0.4789786993896706,0.3659197057054416,0.6652991438591156,0.44,0.5,0.8852459016393442
xalan-2.4,3,random,5,0.4338917121525817,0.7829359165424739,0.4128371914575962,0.3316826578990306,0.6249714505659058,0.4322595520421607,0.4363636363636363,0.8967213114754099
xalan-2.4,3,shuffled,5,0.4440125507567368,0.7900894187779434,0.4431421880101772,0.3438262490460744,0.6315430466445787,0.4444800127408823,0.4454545454545455,0.898360655737705
xalan-2.4,4,true_shap,1,0.3508771929824561,0.7447839046199702,0.3306510328508014,0.2093805208482376,0.6011662783188852,0.2857142857142857,0.4545454545454545,0.7950819672131147
xalan-2.4,4,uniform,1,0.3571428571428571,0.7112518628912071,0.3259447991747027,0.2184132783546441,0.6042571278868677,0.2941176470588235,0.4545454545454545,0.8032786885245902
xalan-2.4,4,random,5,0.3598339282549808,0.73774217585693,0.344175741954501,0.222244612678338,0.6054809314051075,0.2978959765724472,0.4545454545454545,0.8065573770491803
xalan-2.4,4,shuffled,5,0.3567838302048828,0.7369225037257825,0.32749485421234,0.2221675687775929,0.593241187451395,0.3075857475857476,0.4272727272727272,0.8245901639344263
